subAreaId,subAreaName,areaId
cmoqvjjx9034xc8g0c6bkg2mo,Zone -I,cmomshroe01wfc8g04zntiuzr
cmpsazpbk04a12opchh2k2ffz,Zone -III,cmomshroe01wfc8g04zntiuzr
cmseliawj05i7m8mh0kkwzx0u,ZONE -2,cmsek4ehg05b5m8mhl8z24h52
cmselq37f05jom8mh7xwaprqg,ZONE - 3,cmsek4ehg05b5m8mhl8z24h52
cmomhg612001jc8g015w2vodp,Pour - 1,cmomhfbqo001gc8g0mhenyqi2
cmsmue34l0ak0m8mhe88p1zkj,Pour - 1A,cmsd2wm9s02ysm8mhyjbm2840
cmsioodgb08f2m8mh97qldb7v,Pour - 1 B,cmomhfbqo001gc8g0mhenyqi2
cmsmutmat0aqbm8mhbkc1kms3,Pour - 1,cmsmutmao0am2m8mhdfyn0zsy
cmsmutmau0ardm8mhxtj1jsom,Pour - 2A,cmsmutmao0am2m8mhdfyn0zsy
cmsmufdi40akem8mh2tx5s0k6,Pour - 1B,cmsd2wm9s02ysm8mhyjbm2840
cmsmutmav0as3m8mhkwhgjprm,Pour - 3,cmsmutmao0am2m8mhdfyn0zsy
cmsmutmap0am3m8mhw0sqfxpv,Pour - 5,cmsmutmao0am2m8mhdfyn0zsy
cmsmutmaq0an5m8mhee8uuuhn,Pour - 6A,cmsmutmao0am2m8mhdfyn0zsy
cmsekm6nz05bcm8mhazoanfgu,Zone -1 (Part 1),cmpf5u435007try9p5tloj53y
cmsmutmar0ao7m8mh9kqmw1cj,Pour - 2B,cmsmutmao0am2m8mhdfyn0zsy
cmpf7b0es00chry9p5npoz1ro,Structure Erection,cmpf78pbr00cbry9pwn50qof5
cmsmutmas0ap9m8mhnkswxwe7,Pour - 6B,cmsmutmao0am2m8mhdfyn0zsy
cmsmutmaw0at5m8mhj3l0t1sj,Pour - 4,cmsmutmao0am2m8mhdfyn0zsy
cmpf7akp200cery9prky42e4c,Footing,cmpf78pbr00cbry9pwn50qof5
cmsiphotv08i0m8mhzwm92913,Pour - 2B,cmsiphots08gxm8mhcqegfaz5
cmsiphotz08mym8mh0r6d245v,Pour - 2A,cmsiphots08gxm8mhcqegfaz5
cmsiphotv08iqm8mh4kl6dmdv,Pour - 3,cmsiphots08gxm8mhcqegfaz5
cmsiphotw08jsm8mhxehfivpe,Pour - 4,cmsiphots08gxm8mhcqegfaz5
cmsiphotx08kum8mhnjpdz73v,Pour - 5,cmsiphots08gxm8mhcqegfaz5
cmsiphoty08lwm8mh8bj0e8oe,Pour - 6A,cmsiphots08gxm8mhcqegfaz5
cmsiphou008o0m8mhkfb6eog1,Pour - 6B,cmsiphots08gxm8mhcqegfaz5
cmsmunjqi0al9m8mh6323knti,Pour - 1A,cmsd2wmex03cum8mh0x0leh3c
cmselzqz505k6m8mh97dkqv9r,Zone -1 (Part 2),cmpf5u435007try9p5tloj53y
cmsem7cmi05qnm8mhc10cpopp,Zone -2 (Part 1),cmpf5u435007try9p5tloj53y
cmsek8igk05b9m8mhefwghyqx,Zone - 1,cmsek4ehg05b5m8mhl8z24h52
cmsiphyak08p6m8mhuwwh15pk,Pour - 5,cmsiphyaj08p5m8mh93koizyv
cmsiphyam08q8m8mhdzg982s7,Pour - 6A,cmsiphyaj08p5m8mh93koizyv
cmsiphyan08ram8mhze6cg6n8,Pour - 2B,cmsiphyaj08p5m8mh93koizyv
cmpfdbivr0144ry9pniuhvt4d,Pour - 7,cmomhfbqo001gc8g0mhenyqi2
cmsiphyao08scm8mhwjomtarb,Pour - 6B,cmsiphyaj08p5m8mh93koizyv
cmsiphyap08tem8mhjlvsiorn,Pour - 1,cmsiphyaj08p5m8mh93koizyv
cmsiphyaq08ugm8mh95yke6my,Pour - 2A,cmsiphyaj08p5m8mh93koizyv
cmsiphyaq08v6m8mhyg4uoveu,Pour - 3,cmsiphyaj08p5m8mh93koizyv
cmsiphyar08w8m8mhzzqb86ez,Pour - 4,cmsiphyaj08p5m8mh93koizyv
cmpfgcc8j025cry9pfulhhk0l,Plinth Beam,cmpf78pbr00cbry9pwn50qof5
cmpfgsuu4028xry9psch6cugd,Pedestal,cmpf78pbr00cbry9pwn50qof5
cmsfsvh9n062zm8mhzwzgw6b8,Zone -2 (Part 2),cmpf5u435007try9p5tloj53y
cmsmv0ewz0aufm8mhcgb3aeyx,Pour - 5,cmsmv0ewy0auem8mh9mj0yjl2
cmsmv0ex00avhm8mhn9ohjzc8,Pour - 6A,cmsmv0ewy0auem8mh9mj0yjl2
cmsmv0ex10awjm8mhkrsxry67,Pour - 2B,cmsmv0ewy0auem8mh9mj0yjl2
cmomrrjez01fhc8g0dnr05icv,Pour - 2 A,cmomhfbqo001gc8g0mhenyqi2
cmpfd0fbk00x0ry9pcvz7j9o0,Pour - 4 A,cmomhfbqo001gc8g0mhenyqi2
cmsmv0ex20axlm8mhw2q1fdqw,Pour - 6B,cmsmv0ewy0auem8mh9mj0yjl2
cmpfdevii016qry9pxfzlo88u,Pour - 9,cmomhfbqo001gc8g0mhenyqi2
cmsmv0ex30aynm8mh65w5c58m,Pour - 1,cmsmv0ewy0auem8mh9mj0yjl2
cmsmv0ex40azpm8mhbrj31rqe,Pour - 2A,cmsmv0ewy0auem8mh9mj0yjl2
cmpfdgcof018bry9pvbmqopgi,Pour - 1 A,cmomhfbqo001gc8g0mhenyqi2
cmpfcsc5100ugry9px7b2i5gr,Pour - 2,cmomhfbqo001gc8g0mhenyqi2
cmsmv0ex50b0fm8mh6l3l5bi6,Pour - 3,cmsmv0ewy0auem8mh9mj0yjl2
cmqhyxa9000p4141wypx9zhck,Anchoring-01-Type-B,cmqhywks600p1141wy2om8znv
cmsmv0ex60b1hm8mhc3bmtiou,Pour - 4,cmsmv0ewy0auem8mh9mj0yjl2
cmsfteb7u066bm8mh7izkvu6q,Zone -1 (Part 1),cmpf6lx03009kry9px6eaqpgq
cmsmv1bc10b2nm8mhlrrndxfv,Pour - 5,cmsmv1bc00b2mm8mh4u04zn8r
cmsmv1bc20b3pm8mhr3h5lgip,Pour - 6A,cmsmv1bc00b2mm8mh4u04zn8r
cmsmv1bc30b4rm8mh5gqwyq27,Pour - 2B,cmsmv1bc00b2mm8mh4u04zn8r
cmsmv1bc40b5tm8mhb3xe8tai,Pour - 6B,cmsmv1bc00b2mm8mh4u04zn8r
cmsmv1bc50b6vm8mhby3rwmie,Pour - 1,cmsmv1bc00b2mm8mh4u04zn8r
cmsfteb8p068em8mh364ymm1e,Zone -1 (Part 2),cmpf6lx03009kry9px6eaqpgq
cmsmv1bc60b7xm8mh6dxv3u8p,Pour - 2A,cmsmv1bc00b2mm8mh4u04zn8r
cmsfteb990692m8mhoc41qy7q,Zone -2 (Part 1),cmpf6lx03009kry9px6eaqpgq
cmomrrdu501gvc8g083whxubv,Pour - 3,cmomhfbqo001gc8g0mhenyqi2
cmsmv1bc60b8nm8mh540wl9zq,Pour - 3,cmsmv1bc00b2mm8mh4u04zn8r
cmomrsm6j01i9c8g0bn85dwni,Pour - 4,cmomhfbqo001gc8g0mhenyqi2
cmpfd2ols00ypry9pluj5y7ad,Pour - 5,cmomhfbqo001gc8g0mhenyqi2
cmsfteb9y06alm8mhu43eoxzh,Zone -2 (Part 2),cmpf6lx03009kry9px6eaqpgq
cmsftebah06bgm8mhqsjl14ak,Zone -3 (Part 1),cmpf6lx03009kry9px6eaqpgq
cmsftebaw06bxm8mh0yafbxpb,Zone -3 (Part 2),cmpf6lx03009kry9px6eaqpgq
cmqi0mjhz010u141w2ubjkg0n,Anchoring-02-Type-B,cmqhywks600p1141wy2om8znv
cmsmv1bc70b9pm8mht5w2ap88,Pour - 4,cmsmv1bc00b2mm8mh4u04zn8r
cmsfsywh5064pm8mhezds5swj,Zone -3 (Part 1),cmpf5u435007try9p5tloj53y
cmsftgymz06f7m8mhfdatszq3,Zone -2 (Part 1),cmomp5h4c00vdc8g02017ukpp
cmsftgynn06gqm8mhjv0u4ag1,Zone -2 (Part 2),cmomp5h4c00vdc8g02017ukpp
cmsftn5s506oqm8mhdkkhttse,Zone -1 (Part 1),cmsd1h6uy00n0m8mhg7szfy4a
cmsftn5ti06ram8mh9l1csthu,Zone -1 (Part 2),cmsd1h6uy00n0m8mhg7szfy4a
cmsftn5u706rym8mh0efexnqx,Zone -2 (Part 1),cmsd1h6uy00n0m8mhg7szfy4a
cmsmv1yor0bavm8mhgrcqwtbw,Pour - 5,cmsmv1yoq0baum8mhh3iaomd2
cmsftn5v106thm8mhd0i8injs,Zone -2 (Part 2),cmsd1h6uy00n0m8mhg7szfy4a
cmsftn5vq06ucm8mhamv84w02,Zone -3 (Part 1),cmsd1h6uy00n0m8mhg7szfy4a
cmsftn5sz06qtm8mhv44kdtj6,Zone -3 (Part 2),cmsd1h6uy00n0m8mhg7szfy4a
cmsftqwwf0702m8mh45batp2l,Zone -1 (Part 1),cmsftqwwe0701m8mh276o3yhw
cmsftqwwh071sm8mhjdqinvnj,Zone -1 (Part 2),cmsftqwwe0701m8mh276o3yhw
cmsftqwwh072cm8mhdsxwl90r,Zone -2 (Part 1),cmsftqwwe0701m8mh276o3yhw
cmsftqwwj073mm8mhsnsdygxb,Zone -2 (Part 2),cmsftqwwe0701m8mh276o3yhw
cmsftqwwk074cm8mhmoqle8bp,Zone -3 (Part 1),cmsftqwwe0701m8mh276o3yhw
cmsftqwwk074qm8mhf9o8mgvr,Zone -3 (Part 2),cmsftqwwe0701m8mh276o3yhw
cmomrsqah01l1c8g0t2q0uo14,Pour - 6,cmomhfbqo001gc8g0mhenyqi2
cmsft8duv065qm8mhnwq5cfcc,Zone -3 (Part 2),cmpf5u435007try9p5tloj53y
cmsftgylm06cgm8mh45qro7f0,Zone -1 (Part 1),cmomp5h4c00vdc8g02017ukpp
cmsftgymf06ejm8mhue3ots3z,Zone -1 (Part 2),cmomp5h4c00vdc8g02017ukpp
cmsftgyo506hlm8mh749iua10,Zone -3 (Part 1),cmomp5h4c00vdc8g02017ukpp
cmsftgyok06i2m8mhydg87lky,Zone -3 (Part 2),cmomp5h4c00vdc8g02017ukpp
cmsd2w2i501gzm8mhhr6w10xw,Zone - I,cmsd2w2hy01gym8mhjcimddh8
cmsd2w2jb02g3m8mhz1ojeae0,Zone - II,cmsd2w2hy01gym8mhjcimddh8
cmsd2w2it01zdm8mhr2c5hc9t,Zone - III,cmsd2w2hy01gym8mhjcimddh8
cmsd2w2jl02q5m8mhruu8akc4,Zone - IV,cmsd2w2hy01gym8mhjcimddh8
cmsftuzie0758m8mhowxgho8n,Zone -1 (Part 1),cmsftuzie0757m8mherz3c6mm
cmsftuzih076ym8mhj12yv635,Zone -1 (Part 2),cmsftuzie0757m8mherz3c6mm
cmsftuzih077im8mhpmes35jx,Zone -2 (Part 1),cmsftuzie0757m8mherz3c6mm
cmsftuzii078sm8mh7rvvuely,Zone -2 (Part 2),cmsftuzie0757m8mherz3c6mm
cmsd2wmbx036rm8mhw7131jzk,Anchoring - 02,cmsd2wmbo030um8mhs6opyy5z
cmsmv1yot0bbxm8mhv160hveq,Pour - 6A,cmsmv1yoq0baum8mhh3iaomd2
cmsftuzij079im8mhicccsr0g,Zone -3 (Part 1),cmsftuzie0757m8mherz3c6mm
cmsftuzij079wm8mh43nvcr45,Zone -3 (Part 2),cmsftuzie0757m8mherz3c6mm
cmsftw6bc07aem8mh8z2h6tj1,Zone -1 (Part 1),cmsftw6bb07adm8mh6wayghg2
cmsmv1you0bczm8mho6dgu5bf,Pour - 2B,cmsmv1yoq0baum8mhh3iaomd2
cmsmv1yov0be1m8mh4oxe8axj,Pour - 6B,cmsmv1yoq0baum8mhh3iaomd2
cmsmv1yow0bf3m8mh3j41m1db,Pour - 1,cmsmv1yoq0baum8mhh3iaomd2
cmsmv1yox0bg5m8mhcco9d89m,Pour - 2A,cmsmv1yoq0baum8mhh3iaomd2
cmsmv1yoy0bgvm8mh3u9c5lhx,Pour - 3,cmsmv1yoq0baum8mhh3iaomd2
cmsmv1yoz0bhxm8mhf9zwudft,Pour - 4,cmsmv1yoq0baum8mhh3iaomd2
cmsd2wmbq030vm8mhmi73stc9,Anchoring - 01,cmsd2wmbo030um8mhs6opyy5z
cmsftw6be07c4m8mh1308gvnt,Zone -1 (Part 2),cmsftw6bb07adm8mh6wayghg2
cmsftw6bf07com8mhlbv44pqc,Zone -2 (Part 1),cmsftw6bb07adm8mh6wayghg2
cmsftw6bg07dym8mhkew691oq,Zone -2 (Part 2),cmsftw6bb07adm8mh6wayghg2
cmsftw6bh07eom8mhy4li3ozf,Zone -3 (Part 1),cmsftw6bb07adm8mh6wayghg2
cmsftw6bh07f2m8mh23ivjpf0,Zone -3 (Part 2),cmsftw6bb07adm8mh6wayghg2
cmonvnjb5027hc8g0bwwy5tbw,Zone -II,cmomshroe01wfc8g04zntiuzr
cmonvuo1602gtc8g0utr79l5h,Zone -IV,cmomshroe01wfc8g04zntiuzr
cmrackmxi04sx141w4yiju3n9,Pour - 8,cmomhfbqo001gc8g0mhenyqi2
cmt6s2u190llkm8mh81ynguqk,Anchoring-01-Type-A,cmqhywks600p1141wy2om8znv
cmsmu1mz00aepm8mhq0wzkq67,Pour - 1,cmsd2wm9s02ysm8mhyjbm2840
cmsmu1mzq0af9m8mh44q3cftv,Pour - 2,cmsd2wm9s02ysm8mhyjbm2840
cmsmu1n020afjm8mhy4aqq2nq,Pour - 2A,cmsd2wm9s02ysm8mhyjbm2840
cmsmu1n0d0aftm8mhrebi1n3n,Pour - 3,cmsd2wm9s02ysm8mhyjbm2840
cmsmu1n0r0ag3m8mh40wo55x0,Pour - 4,cmsd2wm9s02ysm8mhyjbm2840
cmsmu1n120ag9m8mhb1dzj0yu,Pour - 4A,cmsd2wm9s02ysm8mhyjbm2840
cmsmu1n1f0agjm8mhxmtvnven,Pour - 5,cmsd2wm9s02ysm8mhyjbm2840
cmsmu1n1q0agpm8mh55yk6jb2,Pour - 5A,cmsd2wm9s02ysm8mhyjbm2840
cmsmu1n220agzm8mhm4xqt6dz,Pour - 6,cmsd2wm9s02ysm8mhyjbm2840
cmsmu1n2f0ah9m8mhe66x7l54,Pour - 7,cmsd2wm9s02ysm8mhyjbm2840
cmsmu1n2s0ahjm8mhk9hr38y8,Pour - 7A,cmsd2wm9s02ysm8mhyjbm2840
cmsmu1n330ahtm8mh4uc0u7ci,Pour - 8,cmsd2wm9s02ysm8mhyjbm2840
cmsmu1n4e0aidm8mhc45ekp28,Pour - 10,cmsd2wm9s02ysm8mhyjbm2840
cmsmvlu9t0bj8m8mh7ys6ro1h,Zone -I,cmsmvll6z0bj5m8mhvpoyh62w
cmsmvojug0bk1m8mhb16n0k3p,Zone -II,cmsmvll6z0bj5m8mhvpoyh62w
cmsmvos8i0bkjm8mh6wbqgcc6,Zone -III,cmsmvll6z0bj5m8mhvpoyh62w
cmsmw9hzz0blsm8mhkowl4r1s,Zone -IV,cmsmvll6z0bj5m8mhvpoyh62w
cmsmwn2g80bmym8mhtxqe37us,Pour - 1,cmsiphots08gxm8mhcqegfaz5
cmsilkyhf08egm8mhlbf65q4l,Pour - 8A,cmsd2wm9s02ysm8mhyjbm2840
cmsd7f8hj04chm8mh1wl0vpal,Pour - 9,cmsd2wm9s02ysm8mhyjbm2840
cmsmyomue0bpgm8mhfh7l54cm,Pour - 8,cmsd2wmex03cum8mh0x0leh3c
cmsn4l1ah0em4m8mh3xitx5fq,Zone -2 (Part 1),cmsn4l1a90efjm8mhgr4y6d5s
cmsn4l1ak0ep6m8mh93971uyb,Zone -2 (Part 2),cmsn4l1a90efjm8mhgr4y6d5s
cmsefmv1l056mm8mhvxa1oyub,Pour - 10,cmsd2wmex03cum8mh0x0leh3c
cmsefmuyh0552m8mhvq94bzsl,Pour - 1,cmsd2wmex03cum8mh0x0leh3c
cmsefmuyv0556m8mh84w6zzpy,Pour - 1B,cmsd2wmex03cum8mh0x0leh3c
cmsefmuz3055am8mhcqys3sz4,Pour - 2,cmsd2wmex03cum8mh0x0leh3c
cmsefmuza055em8mh30ynny1e,Pour - 2A,cmsd2wmex03cum8mh0x0leh3c
cmsefmuzi055im8mhgwz43ezj,Pour - 3,cmsd2wmex03cum8mh0x0leh3c
cmomrseqe01jnc8g0trlsssir,Pour - 5 A,cmomhfbqo001gc8g0mhenyqi2
cmpfd4aaq010jry9p189nqn13,Pour - 7 A,cmomhfbqo001gc8g0mhenyqi2
cmomrtc9x01ntc8g0mrftncmr,Pour - 8A,cmomhfbqo001gc8g0mhenyqi2
cmomrtqlw01p7c8g0mhw5iws4,Pour - 10,cmomhfbqo001gc8g0mhenyqi2
cmsefmuzq055mm8mhqdm2m686,Pour - 4,cmsd2wmex03cum8mh0x0leh3c
cmsefmuzy055qm8mh8ubnn2yx,Pour - 4A,cmsd2wmex03cum8mh0x0leh3c
cmsefmv05055um8mh5je60qcx,Pour - 5,cmsd2wmex03cum8mh0x0leh3c
cmsefmv0c055ym8mht2er3ao2,Pour - 5A,cmsd2wmex03cum8mh0x0leh3c
cmsefmv0l0562m8mhh1961k7s,Pour - 6,cmsd2wmex03cum8mh0x0leh3c
cmsefmv0s0566m8mh8i5oj5fa,Pour - 7,cmsd2wmex03cum8mh0x0leh3c
cmsefmv0z056am8mhtunwu58z,Pour - 7A,cmsd2wmex03cum8mh0x0leh3c
cmsefmv16056em8mhwmj52kr6,Pour - 8A,cmsd2wmex03cum8mh0x0leh3c
cmsefmv1d056im8mho0gtpc37,Pour - 9,cmsd2wmex03cum8mh0x0leh3c
cmsn3tflw0dvqm8mhiwvf1ye2,Zone -1 (Part 1),cmsftq2p306uvm8mhllzk2ylt
cmsftq2p606wmm8mhxf9k5jlj,Zone -1 (Part 2),cmsftq2p306uvm8mhllzk2ylt
cmsftq2p806z6m8mh1o3hzg5e,Zone -3 (Part 1),cmsftq2p306uvm8mhllzk2ylt
cmsftq2p906zkm8mhiic6nhjw,Zone -3 (Part 2),cmsftq2p306uvm8mhllzk2ylt
cmsftq2p306uwm8mhxxyv2zao,Zone -2 (Part 1),cmsftq2p306uvm8mhllzk2ylt
cmsn480uw0e5im8mhpuizyega,Zone -2 (Part 2),cmsftq2p306uvm8mhllzk2ylt
cmsn4l1ab0efkm8mhkk4g8ur4,Zone -1 (Part 1),cmsn4l1a90efjm8mhgr4y6d5s
cmsn4l1af0ejmm8mh1gua85nf,Zone -1 (Part 2),cmsn4l1a90efjm8mhgr4y6d5s
cmsn4l1ag0ekom8mh30kjwxj7,Zone -3 (Part 1),cmsn4l1a90efjm8mhgr4y6d5s
cmsn4l1ah0elem8mh0g9o8dsa,Zone -3 (Part 2),cmsn4l1a90efjm8mhgr4y6d5s
