stepPermissionId,stepId,groupId,createdAt
cmsn6l69e0fn8m8mha902220y,cmsn6l65g0fn5m8mhang4h5tk,cmsd348vr03psm8mhdjfv9xzx,2026-08-10T12:01:43.154
cmsn6ut1c0fozm8mhp9ccp2cs,cmsn6ut0n0fowm8mhrytfvgst,cmsd348vr03psm8mhdjfv9xzx,2026-08-10T12:09:12.576
cmsn6t3mm0fplm8mhm405lzb5,cmsn6t3lv0fpim8mh4zh7c17k,cmsd348vr03psm8mhdjfv9xzx,2026-08-10T12:07:52.99
cmsn6xca50fqsm8mh1hhkfke4,cmsn6xc7o0fqpm8mh55k0i46k,cmsd348vr03psm8mhdjfv9xzx,2026-08-10T12:11:10.83
cmsn6zauz0frhm8mhhstmdta6,cmsn6zau90frem8mhm5x25j1e,cmsd348vr03psm8mhdjfv9xzx,2026-08-10T12:12:42.299
cmsn702z90frsm8mhitoq6lxy,cmsn702yj0frpm8mhpoep4hvh,cmsd348vr03psm8mhdjfv9xzx,2026-08-10T12:13:18.741
cmsn71fwa0fshm8mhadah1sje,cmsn71fvi0fsem8mh1tq0gdy2,cmsd348vr03psm8mhdjfv9xzx,2026-08-10T12:14:22.138
cmsn6lzbo0fnjm8mhiz4gcf6e,cmsn63tcn0fikm8mhvkdai94e,cmsd348vr03psm8mhdjfv9xzx,2026-08-10T12:02:20.82
cmsn6m2j20fnsm8mhyne5higc,cmsn641aq0finm8mhrou45non,cmsd348vr03psm8mhdjfv9xzx,2026-08-10T12:02:24.974
cmsn6mil40fnum8mhp6f55v3j,cmsn6m1e70fnmm8mhvfomkujy,cmsd348vr03psm8mhdjfv9xzx,2026-08-10T12:02:45.784
cmsn6o60j0fo6m8mhko87k9jm,cmsn6o2yu0fo3m8mhuezsneml,cmsd348vr03psm8mhdjfv9xzx,2026-08-10T12:04:02.804
cmsn6ohqz0fobm8mhp7zyw0hd,cmsn6ohlw0fo8m8mhcauz5qgf,cmsd348vr03psm8mhdjfv9xzx,2026-08-10T12:04:18.011
cmsn6qmfx0foom8mhbpu5ugv9,cmsn6qmf20folm8mh0sh0fwa7,cmsd348vr03psm8mhdjfv9xzx,2026-08-10T12:05:57.405
cmsn6sh570fpam8mhnkg76aaj,cmsn6sh140fp7m8mh6xswyx7u,cmsd348vr03psm8mhdjfv9xzx,2026-08-10T12:07:23.851
cmsn6weq10fqcm8mhej4e62bh,cmsn6wep50fq9m8mhmxrm0rym,cmsd348vr03psm8mhdjfv9xzx,2026-08-10T12:10:27.337
cmsn6wmec0fqhm8mhe2xg7onm,cmsn6wmdg0fqem8mh0mddv3fg,cmsd348vr03psm8mhdjfv9xzx,2026-08-10T12:10:37.285
cmsn6ygvv0fr6m8mhthamosxz,cmsn6ygv40fr3m8mhxucfcytn,cmsd348vr03psm8mhdjfv9xzx,2026-08-10T12:12:03.452
cmsn70u0v0fs6m8mhqg7rwvlb,cmsn70u050fs3m8mhzmalo18z,cmsd348vr03psm8mhdjfv9xzx,2026-08-10T12:13:53.791
cmsn72wnz0fssm8mharzk37sz,cmsn71yfe0fsjm8mhtt5yeal1,cmsd348vr03psm8mhdjfv9xzx,2026-08-10T12:15:30.527
cmsn74y2m0ftdm8mhsex4kqcn,cmsn74i3j0ft4m8mh3omgjfzt,cmsd348vr03psm8mhdjfv9xzx,2026-08-10T12:17:05.662
cmsn79wh10ftpm8mhlpap2c1s,cmsn79cex0ftjm8mh2f2jmgyn,cmsd348vr03psm8mhdjfv9xzx,2026-08-10T12:20:56.869
cmsn7lgdi0fvam8mh9gqs8f2a,cmsn7jz960fuzm8mh8jg9whnv,cmsd348vr03psm8mhdjfv9xzx,2026-08-10T12:29:55.879
cmsn7mskp0fvfm8mhtzx36z23,cmsn7msjw0fvcm8mhdm2jzzku,cmsd348vr03psm8mhdjfv9xzx,2026-08-10T12:30:58.345
cmsn7ofcf0fvrm8mh98fh9fk6,cmsn7o1ti0fvkm8mho8s5wf0b,cmsd348vr03psm8mhdjfv9xzx,2026-08-10T12:32:14.511
cmsn7315k0fsvm8mhyyk98z65,cmsn72ej60fsmm8mhwnsf2scp,cmsd348vr03psm8mhdjfv9xzx,2026-08-10T12:15:36.344
cmsn74tpm0ftam8mhb53xvkr6,cmsn7487v0ft1m8mh173ganix,cmsd348vr03psm8mhdjfv9xzx,2026-08-10T12:17:00.01
cmsn7ers10fu3m8mhbn5yxcxv,cmsn7avqj0ftxm8mhdwfdiw80,cmsd348vr03psm8mhdjfv9xzx,2026-08-10T12:24:44.065
cmsn7h4xp0fuom8mh5mdmf18w,cmsn7fok80fudm8mhscuouo7d,cmsd348vr03psm8mhdjfv9xzx,2026-08-10T12:26:34.429
cmsn7h96h0furm8mhcwr25ga8,cmsn7g8c10fugm8mh7cutqxyg,cmsd348vr03psm8mhdjfv9xzx,2026-08-10T12:26:39.929
cmsn7lbxh0fv6m8mhn3xia0cm,cmsn7jojr0fuwm8mhs5w53in4,cmsd348vr03psm8mhdjfv9xzx,2026-08-10T12:29:50.117
cmsn6cryl0fk2m8mhmcu4vsan,cmsn68htc0fjbm8mhwceqrf7r,cmsd348vr03psm8mhdjfv9xzx,2026-08-10T11:55:11.374
cmsn6cwp60fk5m8mh9d5v1ve4,cmsn68hte0fjdm8mhl9arbvrv,cmsd348vr03psm8mhdjfv9xzx,2026-08-10T11:55:17.514
cmsn6d22h0fk8m8mh4qyykjzt,cmsn68hth0fjfm8mhkc3ywae4,cmsd348vr03psm8mhdjfv9xzx,2026-08-10T11:55:24.474
cmsn6d7uy0fkam8mh64182f07,cmsn68hti0fjhm8mh6z6m14rq,cmsd348vr03psm8mhdjfv9xzx,2026-08-10T11:55:31.978
cmsn6il850flwm8mhgxgozcy7,cmsn6hdn80fl6m8mhyre3aq4w,cmsd348vr03psm8mhdjfv9xzx,2026-08-10T11:59:42.581
cmsn6j6pv0fm2m8mh1cbbd1w5,cmsn6hdnf0fl9m8mhi0axi92s,cmsd348vr03psm8mhdjfv9xzx,2026-08-10T12:00:10.435
cmsn6jwl40fmom8mhph0tawom,cmsn6hdnf0flfm8mh0htiwrtc,cmsd348vr03psm8mhdjfv9xzx,2026-08-10T12:00:43.96
cmsn6k96s0fmwm8mhx6q05rh2,cmsn6k9290fmtm8mh33jpgyyc,cmsd348vr03psm8mhdjfv9xzx,2026-08-10T12:01:00.293
cmsn6kmik0fn2m8mh15dgmlx6,cmsn6kgmk0fmym8mh8j3fteqq,cmsd348vr03psm8mhdjfv9xzx,2026-08-10T12:01:17.564
cmsn6clnx0fjzm8mhiz6v6g6c,cmsn68ht70fj9m8mh873vwt0h,cmsd348vr03psm8mhdjfv9xzx,2026-08-10T11:55:03.213
cmsn6dd1q0fkhm8mh80amyukn,cmsn68htk0fjjm8mhdyxtzner,cmsd348vr03psm8mhdjfv9xzx,2026-08-10T11:55:38.702
cmsn6dgw10fkkm8mhxpof4t9m,cmsn6bpyl0fjsm8mh08wn1i4l,cmsd348vr03psm8mhdjfv9xzx,2026-08-10T11:55:43.681
cmsn6i5m50flmm8mhx2yhd4cg,cmsn6guo50fkxm8mhyjkpwp57,cmsd348vr03psm8mhdjfv9xzx,2026-08-10T11:59:22.349
cmsn6i9zg0flrm8mhsgn5if95,cmsn6i9xv0flom8mho4qjhhkv,cmsd348vr03psm8mhdjfv9xzx,2026-08-10T11:59:28.013
cmsn6igum0fltm8mhzpr1swqk,cmsn6hdn80fl5m8mhn8k87au7,cmsd348vr03psm8mhdjfv9xzx,2026-08-10T11:59:36.911
cmsn6jbba0fm6m8mh442m116o,cmsn6hdnf0flam8mha3x1u9ca,cmsd348vr03psm8mhdjfv9xzx,2026-08-10T12:00:16.39
cmsn6jfjk0fm9m8mhitpiz77b,cmsn6hdnf0flbm8mhlk0ytkqp,cmsd348vr03psm8mhdjfv9xzx,2026-08-10T12:00:21.872
cmsn6jjkh0fmbm8mhbrs0ztep,cmsn6hdnf0flcm8mh1dthe0au,cmsd348vr03psm8mhdjfv9xzx,2026-08-10T12:00:27.089
cmsn6jobe0fmem8mhjk4dm9de,cmsn6hdnf0fldm8mhvzcrmazk,cmsd348vr03psm8mhdjfv9xzx,2026-08-10T12:00:33.243
cmsn6myxr0fmhm8mhc5dxe5xm,cmsn6hdnf0flem8mh0vskgujh,cmsd348vr03psm8mhdjfv9xzx,2026-08-10T12:03:06.976
cmsolo8ay0g83m8mhxbojr7q1,cmsolnvov0g7tm8mhkcnbp7zb,cmsd348vr03psm8mhdjfv9xzx,2026-08-11T11:51:46.186
cmsoloaex0g86m8mh1416tgit,cmsolnvoy0g7vm8mhosce4qs8,cmsd348vr03psm8mhdjfv9xzx,2026-08-11T11:51:48.922
cmsolocvn0g89m8mhbqx0t5bz,cmsolnvp00g7xm8mhtyoe27r2,cmsd348vr03psm8mhdjfv9xzx,2026-08-11T11:51:52.115