stepId,stepName,taskId,completed,attachments,createdAt,completedBy,order,imageCompulsory,completedAt
cmsn68ht70fj9m8mh873vwt0h,PL Work,cmsn639fl0fihm8mh78sj9s9k,false,,2026-08-10T11:51:51.589,,3,true,
cmsn68htc0fjbm8mhwceqrf7r,Water proofing,cmsn639fl0fihm8mh78sj9s9k,false,,2026-08-10T11:51:51.589,,4,true,
cmsn68hte0fjdm8mhl9arbvrv,Tile Work,cmsn639fl0fihm8mh78sj9s9k,false,,2026-08-10T11:51:51.589,,5,true,
cmsn68hth0fjfm8mhkc3ywae4,EL Work,cmsn639fl0fihm8mh78sj9s9k,false,,2026-08-10T11:51:51.589,,6,true,
cmsn68hti0fjhm8mh6z6m14rq,AC Installation,cmsn639fl0fihm8mh78sj9s9k,false,,2026-08-10T11:51:51.589,,7,true,
cmsn68htk0fjjm8mhdyxtzner,Sanitary & Fixture,cmsn639fl0fihm8mh78sj9s9k,false,,2026-08-10T11:51:51.589,,8,true,
cmsn6bpyl0fjsm8mh08wn1i4l,Doors & Accessories,cmsn639fl0fihm8mh78sj9s9k,false,,2026-08-10T11:54:22.126,,9,true,
cmsn63tcn0fikm8mhvkdai94e,Dismantling,cmsn630qg0fiem8mhtp5bwy7t,false,,2026-08-10T11:48:13.271,,1,true,
cmsn641aq0finm8mhrou45non,Brick Work,cmsn630qg0fiem8mhtp5bwy7t,false,,2026-08-10T11:48:23.57,,2,true,
cmsn6k9290fmtm8mh33jpgyyc,Panelling,cmsn6jsxb0fmkm8mh6cgwpdq9,true,cmsyajkdg0jh1m8mhvdxguv4p,2026-08-10T12:01:00.129,cmsd322pn03ppm8mhhvalcw5t,1,true,2026-08-18T06:37:54.537
cmsn6kgmk0fmym8mh8j3fteqq,Furniture,cmsn6jsxb0fmkm8mh6cgwpdq9,true,cmsyajkla0jhdm8mhgzxcgaye,2026-08-10T12:01:09.933,cmsd322pn03ppm8mhhvalcw5t,2,true,2026-08-18T06:37:54.819
cmsn6guo50fkxm8mhyjkpwp57,Panelling,cmsn6fx0a0fkrm8mhzqsjqh9q,true,cmsyajl7j0ji1m8mh2h558nk6,2026-08-10T11:58:21.51,cmsd322pn03ppm8mhhvalcw5t,1,true,2026-08-18T06:37:55.621
cmsn6hdn80fl5m8mhn8k87au7,Dismantling,cmsn6hdn80fl4m8mhpwxnmpat,false,,2026-08-10T11:58:46.096,,1,true,
cmsn6hdn80fl6m8mhyre3aq4w,Brick Work,cmsn6hdn80fl4m8mhpwxnmpat,false,,2026-08-10T11:58:46.096,,2,true,
cmsn6hdnf0fl9m8mhi0axi92s,PL Work,cmsn6hdnf0fl8m8mhrlmqjugq,false,,2026-08-10T11:58:46.096,,3,true,
cmsn6hdnf0flam8mha3x1u9ca,Water proofing,cmsn6hdnf0fl8m8mhrlmqjugq,false,,2026-08-10T11:58:46.096,,4,true,
cmsn6hdnf0flbm8mhlk0ytkqp,Tile Work,cmsn6hdnf0fl8m8mhrlmqjugq,false,,2026-08-10T11:58:46.096,,5,true,
cmsn6hdnf0flcm8mh1dthe0au,EL Work,cmsn6hdnf0fl8m8mhrlmqjugq,false,,2026-08-10T11:58:46.096,,6,true,
cmsn6i9xv0flom8mho4qjhhkv,Door,cmsn6fx0a0fkrm8mhzqsjqh9q,false,,2026-08-10T11:59:27.955,,2,true,
cmsn6hdnf0fldm8mhvzcrmazk,AC Installation,cmsn6hdnf0fl8m8mhrlmqjugq,false,,2026-08-10T11:58:46.096,,7,true,
cmsn6hdnf0flem8mh0vskgujh,Sanitary & Fixture,cmsn6hdnf0fl8m8mhrlmqjugq,false,,2026-08-10T11:58:46.096,,8,true,
cmsn6hdnf0flfm8mh0htiwrtc,Doors & Accessories,cmsn6hdnf0fl8m8mhrlmqjugq,false,,2026-08-10T11:58:46.096,,9,true,
cmsn6l65g0fn5m8mhang4h5tk,Ceiling,cmsn6jsxb0fmkm8mh6cgwpdq9,false,,2026-08-10T12:01:43.013,,3,true,
cmsn6ut0n0fowm8mhrytfvgst,Conference Room ,cmsn6r4mh0foqm8mhl6jwat6q,false,,2026-08-10T12:09:12.552,,1,true,
cmsn6t3lv0fpim8mh4zh7c17k,Hardware,cmsn6ssrn0fpcm8mhc7snrkd9,false,,2026-08-10T12:07:52.963,,1,true,
cmsn6xc7o0fqpm8mh55k0i46k,PL ,cmsn6wy250fqjm8mhs3i1pa9q,false,,2026-08-10T12:11:10.74,,1,true,
cmsn6zau90frem8mhm5x25j1e,Doors,cmsn6yunk0fr8m8mhww14f37p,false,,2026-08-10T12:12:42.273,,1,true,
cmsn702yj0frpm8mhpoep4hvh,Ceiling,cmsn6zlz00frjm8mhn14hf8ft,false,,2026-08-10T12:13:18.716,,1,true,
cmsn71fvi0fsem8mh1tq0gdy2,Light fixtures,cmsn7155z0fs8m8mhs2k4zl4m,false,,2026-08-10T12:14:22.111,,1,true,
cmsn71yfe0fsjm8mhtt5yeal1,Framing work,cmsn73xiw0fs0m8mhyodqktth,false,,2026-08-10T12:14:46.155,,1,true,
cmsn72ej60fsmm8mhwnsf2scp,POP Work,cmsn73xiw0fs0m8mhyodqktth,false,,2026-08-10T12:15:07.026,,2,true,
cmsn7jojr0fuwm8mhs5w53in4,Table Polish,cmsn7jaiu0futm8mht1in3jvi,false,,2026-08-10T12:28:33.159,,1,true,
cmsn7jz960fuzm8mh8jg9whnv,Chair Polish,cmsn7jaiu0futm8mht1in3jvi,false,,2026-08-10T12:28:47.034,,2,true,
cmsn6m1e70fnmm8mhvfomkujy,Ceiling,cmsn6livv0fnam8mhzqtdf9c5,false,,2026-08-10T12:02:23.504,,1,true,
cmsn6o2yu0fo3m8mhuezsneml,Panelling,cmsn6mxaj0fnxm8mh3okmi5yz,false,,2026-08-10T12:03:58.855,,1,true,
cmsn6ohlw0fo8m8mhcauz5qgf,Furniture,cmsn6mxaj0fnxm8mh3okmi5yz,false,,2026-08-10T12:04:17.828,,2,true,
cmsn6qmf20folm8mh0sh0fwa7,Conference Room ,cmsn6q6c80fofm8mhlnq05trj,false,,2026-08-10T12:05:57.374,,1,true,
cmsn6sh140fp7m8mh6xswyx7u,Floor,cmsn6s1ax0fp1m8mhznw5qyvb,false,,2026-08-10T12:07:23.705,,1,true,
cmsn6wep50fq9m8mhmxrm0rym,Walls,cmsn6vzvs0fq3m8mhs2k0sgzu,false,,2026-08-10T12:10:27.306,,1,true,
cmsn6wmdg0fqem8mh0mddv3fg,Floor,cmsn6vzvs0fq3m8mhs2k0sgzu,false,,2026-08-10T12:10:37.252,,2,true,
cmsn6ygv40fr3m8mhxucfcytn,Doors,cmsn6xuda0fqum8mh9o3k112k,false,,2026-08-10T12:12:03.424,,1,true,
cmsn70u050fs3m8mhzmalo18z,Toilet ,cmsn70fe20frum8mh5oqix533,false,,2026-08-10T12:13:53.766,,1,true,
cmsn7487v0ft1m8mh173ganix,Wall Paneling,cmsn73oo00fsym8mhf7sl2ayo,false,,2026-08-10T12:16:32.155,,1,true,
cmsn74i3j0ft4m8mh3omgjfzt,Wall Fabric,cmsn73oo00fsym8mhf7sl2ayo,false,,2026-08-10T12:16:44.96,,2,true,
cmsn79cex0ftjm8mh2f2jmgyn,Carpet Laying,cmsn790h00ftgm8mhb3mg7bh2,false,,2026-08-10T12:20:30.874,,1,true,
cmsn7avqj0ftxm8mhdwfdiw80,AC Installation,cmsn7ajo20fttm8mhe7m83g47,false,,2026-08-10T12:21:42.572,,1,true,
cmsn7fok80fudm8mhscuouo7d,Wiring,cmsn7fewp0fuam8mh50ap6mdz,false,,2026-08-10T12:25:26.553,,1,true,
cmsn7g8c10fugm8mh7cutqxyg,EL Fixtures,cmsn7fewp0fuam8mh50ap6mdz,false,,2026-08-10T12:25:52.177,,2,true,
cmsn7msjw0fvcm8mhdm2jzzku,Ceiling Paint,cmsn73xiw0fs0m8mhyodqktth,false,,2026-08-10T12:30:58.316,,3,true,
cmsn7o1ti0fvkm8mho8s5wf0b,TV,cmsn7nnd30fvhm8mhnostlcgp,false,,2026-08-10T12:31:56.983,,1,true,
cmsolnvp00g7xm8mhtyoe27r2,Celing Dismantling,cmsn5ufcb0fd2m8mh0vlfoh6l,false,,2026-08-11T11:51:29.837,,3,true,
cmsolnvov0g7tm8mhkcnbp7zb,wall Dismantling,cmsn5ufcb0fd2m8mh0vlfoh6l,true,cmsqykmjj0gvqm8mhi49o56mj,2026-08-11T11:51:29.837,cmsitsb4208ykm8mhf9dr1esg,1,true,2026-08-13T03:28:25.384
cmsolnvoy0g7vm8mhosce4qs8,Window Dismantling,cmsn5ufcb0fd2m8mh0vlfoh6l,true,cmsrdrb930h6vm8mhgbdol957,2026-08-11T11:51:29.837,cmsitsb4208ykm8mhf9dr1esg,2,true,2026-08-13T10:33:31.579